{"initial_reset_timestamp": 1530082499.9007893, "episode_types": ["t", "t", "t", "t", "t", "t", "t", "t", "t", "t", "t", "t", "t", "t", "t", "t", "t", "t", "t", "t", "t", "t", "t", "t", "t", "t"], "episode_lengths": [155, 112, 66, 132, 89, 67, 56, 121, 40, 34, 36, 36, 28, 31, 34, 33, 33, 30, 34, 35, 35, 33, 35, 34, 33], "timestamps": [1530082504.3407621, 1530082509.116144, 1530082510.8241758, 1530082516.6101487, 1530082518.0413275, 1530082523.8916545, 1530082524.7877197, 1530082526.7315125, 1530082535.2709665, 1530082536.7849972, 1530082537.4051716, 1530082538.0362103, 1530082538.5271068, 1530082548.4107757, 1530082549.0740268, 1530082549.6849775, 1530082550.2637813, 1530082550.7862763, 1530082551.3924565, 1530082563.9868236, 1530082564.6161797, 1530082565.2198076, 1530082565.8258452, 1530082566.4904673, 1530082567.0781457], "episode_rewards": [33.57868957519531, 294.7684020996094, 294.1667938232422, 345.43104553222656, 421.77305603027344, -26.332244873046875, 197.3616180419922, 229.3314971923828, 2278.808074951172, 859.1375579833984, 2281.1363525390625, 895.3809814453125, 865.6329193115234, 870.2310638427734, 2276.687957763672, 1028.9423370361328, 2281.8526458740234, 1106.1942749023438, 2280.1110229492188, 2276.70556640625, 2282.678253173828, 2277.1473846435547, 2279.493667602539, 2281.5682830810547, 2278.5210876464844]}